Type,Name,Link
Project Management,PDS4 Project Plan,https://pds-engineering.jpl.nasa.gov/wp-content/uploads/documents/pds2010/pds4-proj-plan-07172013.pdf
Project Management,Project Life Cycle,https://pds-engineering.jpl.nasa.gov/wp-content/uploads/documents/pds2010/keydocuments/Lifecycle.pdf
Project Management,PDS Software Management Plan,https://pds-engineering.jpl.nasa.gov/wp-content/uploads/documents/pds2010/keydocuments/PDS-SMP.pdf
Project Management,Operations Concept,https://pds-engineering.jpl.nasa.gov/wp-content/uploads/documents/pds2010/keydocuments/pds4-ops-concept.pdf
Requirements,"PDS Level 1, 2, and 3 Requirements",https://pds-engineering.jpl.nasa.gov/wp-content/uploads/pds_level123_requirements_20170420.pdf
Requirements,PDS4 Level 4 and 5 General System Requirements,https://pds-engineering.jpl.nasa.gov/wp-content/uploads/documents/pds2010/design/system_design/pds4_system_reqs.pdf
Requirements,PDS4 Information Model Requirements,https://pds-engineering.jpl.nasa.gov/wp-content/uploads/documents/pds2010/design/data_design/requirements_090610.pdf
Requirements,PDS4 Science Services Requirements,https://pds-engineering.jpl.nasa.gov/wp-content/uploads/documents/meeting/2013pds4oprreview/science_service_summary.pdf
Requirements,Requirements Mapping,https://pds-engineering.jpl.nasa.gov/wp-content/uploads/documents/pds2010/keydocuments/pds_reqs_mapping.pdf
Architecture,PDS4 System Architecture Specification,https://pds-engineering.jpl.nasa.gov/wp-content/uploads/documents/pds2010/architecture/system_architecture/pds4_system_arch_spec.pdf
Design,Harvest Tool SRD/SDD,https://pds-engineering.jpl.nasa.gov/wp-content/uploads/documents/pds2010/design/system_design/pds4_harvest_design.pdf
Design,Preparation Tools SRD/SDD,https://pds-engineering.jpl.nasa.gov/wp-content/uploads/documents/pds2010/design/system_design/pds4_preparation_design.pdf
Design,Registry Service SRD/SDD,https://pds-engineering.jpl.nasa.gov/wp-content/uploads/documents/pds2010/design/system_design/pds4_registry_design.pdf
Design,Report Service SRD/SDD,https://pds-engineering.jpl.nasa.gov/wp-content/uploads/documents/pds2010/design/system_design/pds4_report_design.pdf
Design,Search Service SRD/SDD,https://pds-engineering.jpl.nasa.gov/wp-content/uploads/documents/pds2010/design/system_design/pds4_search_design.pdf
Design,Search Scenarios,https://pds-engineering.jpl.nasa.gov/wp-content/uploads/documents/pds2010/design/system_design/pds4_search_scenarios.pdf
Design,Search Protocol,https://pds-engineering.jpl.nasa.gov/wp-content/uploads/documents/pds2010/design/system_design/pds4_pds_search_protocol.pdf
Design,Security Service SRD/SDD,https://pds-engineering.jpl.nasa.gov/wp-content/uploads/documents/pds2010/design/system_design/pds4_security_design.pdf
Review,PDS4 Operational Readiness Review,https://pds-engineering.jpl.nasa.gov/meetings/2013-pds4-operational-readiness-review/
Review,System Review II Board Report,https://pds-engineering.jpl.nasa.gov/wp-content/uploads/documents/pds2010/pds-system-review-II-board-report-draft.pdf
Review,PDS4 System Review I Board Report,https://pds-engineering.jpl.nasa.gov/wp-content/uploads/documents/pds2010/pds2010_system_review_board_report.pdf
Review,System Review II RFA Summary,https://pds-engineering.jpl.nasa.gov/wp-content/uploads/documents/pds2010/keydocuments/SDR2-RFAsummary.pdf
Review,System Review I RFA Summary,https://pds-engineering.jpl.nasa.gov/wp-content/uploads/documents/pds2010/keydocuments/SDR1-RFAsummary.pdf
PDS Common,Data Dictionary,https://pds.nasa.gov/pds4/pds/v1/PDS4_PDS_1O00.JSON
Discipline Dictionary,Atmospheres Modeling Annex,https://pds.nasa.gov/pds4/ama/v1/PDS4_AMA_1O00_1300.JSON
Discipline Dictionary,Cartography,https://pds.nasa.gov/pds4/cart/v1/PDS4_CART_1O00_1970.JSON
Discipline Dictionary,Context Type List: Instrument,https://pds.nasa.gov/pds4/ctli/v1/PDS4_CTLI_1O00_2300.JSON
Discipline Dictionary,Display,https://pds.nasa.gov/pds4/disp/v1/PDS4_DISP_1O00_1510.JSON
Discipline Dictionary,Earth-Based Telescope,NA
Discipline Dictionary,Geometry Dictionary Full,https://pds.nasa.gov/pds4/geom/v1/PDS4_GEOM_1O00_19B0.JSON
Discipline Dictionary,Imaging,https://pds.nasa.gov/pds4/img/v1/PDS4_IMG_1O00_1920.JSON
Discipline Dictionary,Surface Imaging,https://pds.nasa.gov/pds4/img_surface/v1/PDS4_IMG_SURFACE_1O00_1280.JSON
Discipline Dictionary,Machine Learning Analysis,https://pds.nasa.gov/pds4/ml/v1/PDS4_ML_1O00_1211.JSON
Discipline Dictionary,Mission Information Commons,https://pds.nasa.gov/pds4/msn/v1/PDS4_MSN_1O00_1310.JSON
Discipline Dictionary,Surface Mission Information,https://pds.nasa.gov/pds4/msn_surface/v1/PDS4_MSN_SURFACE_1O00_1300.JSON
Discipline Dictionary,MSSS Camera Mini-header,https://pds.nasa.gov/pds4/msss_cam_mh/v1/PDS4_MSSS_CAM_MH_1O00_1030.JSON
Discipline Dictionary,Multidimensional,https://pds.nasa.gov/pds4/multi/v1/PDS4_MULTI_1O00_2000.JSON
Discipline Dictionary,Nuclear Spectroscopy,https://pds.nasa.gov/pds4/nucspec/v1/PDS4_NUCSPEC_1O00_1100.JSON
Discipline Dictionary,Particle,https://pds.nasa.gov/pds4/particle/v1/PDS4_PARTICLE_1O00_2020.JSON
Discipline Dictionary,Processing_Information,https://pds.nasa.gov/pds4/proc/v1/PDS4_PROC_1O00_1300.JSON
Discipline Dictionary,Radar,https://pds.nasa.gov/pds4/radar/v1/PDS4_RADAR_1O00_1200.JSON
Discipline Dictionary,Rings,https://pds.nasa.gov/pds4/rings/v1/PDS4_RINGS_1O00_1F00.JSON
Discipline Dictionary,Small Bodies,https://pds.nasa.gov/pds4/sb/v1/PDS4_SB_1O00_1110.JSON
Discipline Dictionary,Spectral Library,https://pds.nasa.gov/pds4/speclib/v1/PDS4_SPECLIB_1O00_1500.JSON
Discipline Dictionary,Spectral,https://pds.nasa.gov/pds4/sp/v1/PDS4_SP_1O00_1320.JSON
Discipline Dictionary,Survey,https://pds.nasa.gov/pds4/survey/v1/PDS4_SURVEY_1O00_1100.JSON
Document,Concepts,https://pds.nasa.gov/datastandards/documents/concepts
Document,PDS4 Data Provider,https://pds.nasa.gov/datastandards/documents/dph/current
Document,Standards Reference,https://pds.nasa.gov/datastandards/documents/sr/current
Document,Information Model Specification,https://pds.nasa.gov/datastandards/documents/im/current
Document,PDS Policy on Packed Data,https://pds.nasa.gov/data/pds4/documents/policy/policy_on_packed_data_v1.0.pdf
Document,PDS Policy on Review of Migrated Data,https://pds.nasa.gov/data/pds4/documents/policy/policy_on_review_migrated_data_v1.0.pdf
Document,PDS Policy on Accumulating Data,https://pds.nasa.gov/data/pds4/documents/policy/policy_on_accumulating_data_v2.0.pdf
Document,PDS Policy on Defining Certified Data,https://pds.nasa.gov/data/pds4/documents/policy/policy_on_defining_certified_data_v1.0.pdf
Document,PDS Policy on Implementing Certified Data,https://pds.nasa.gov/data/pds4/documents/policy/policy_on_implementing_certified_data_v1.0.pdf
Document,PDS Policy on Draft Data,https://pds.nasa.gov/data/pds4/documents/policy/policy_on_draft_data_v1.0.pdf
Document,PDS Policy on Superseded Data,https://pds.nasa.gov/data/pds4/documents/policy/policy_on_superseded_data_v1.0.pdf
Document,PDS Policy on New Data formats for Science Data,https://pds.nasa.gov/data/pds4/documents/policy/policy_on_new_data_formats_v1.0.pdf
Document,PDS Policy on Data Integrity Checking,https://pds.nasa.gov/data/pds4/documents/policy/policy_on_data_integrity_v2.0.pdf
Document,PDS Policy on Use of Checksums,https://pds.nasa.gov/data/pds4/documents/policy/policy_on_use_of_checksums_v1.0.pdf
Document,PDS Policy on System Availability and Recovery,https://pds.nasa.gov/data/pds4/documents/policy/policy_on_system_availability_v1.0.pdf
Document,PDS Policy on Online Data Repositories,https://pds.nasa.gov/data/pds4/documents/policy/policy_on_data_repositories_v1.0.pdf
Document,PDS Policy on Checksums in Data Deliveries,https://pds.nasa.gov/data/pds4/documents/policy/policy_on_data_delivery_checksums_v1.0.pdf
Document,PDS Policy on Data Integrity / Disaster Recovery,https://pds.nasa.gov/data/pds4/documents/policy/policy_on_disaster_recovery_v2.0.pdf
Document,PDS Policy on Data Delivery and BackUp,https://pds.nasa.gov/data/pds4/documents/policy/policy_on_data_delivery_backup_v1.0.pdf
Document,PDS Policy on Requesting Letters of Support for Archiving Data through R&A Programs,https://pds.nasa.gov/data/pds4/documents/policy/policy_on_letters_of_support_v1.0.pdf
Document,PDS Policy Statement on Data Release Dates and Announcements,https://pds.nasa.gov/data/pds4/documents/policy/policy_on_release_announcements_v1.0.pdf
Document,PDS Procedures on Maintaining Data Release Dates and Announcing Data Releases,https://pds.nasa.gov/data/pds4/documents/policy/policy_on_announcing_data_releases_v1.0.pdf
Document,PDS Policy on Software Archiving,https://pds.nasa.gov/data/pds4/documents/policy/policy_on_software_archiving_position_v1.0.pdf
Document,PDS Policy on Data Migration Schedule from PDS3 to PDS4,https://pds.nasa.gov/data/pds4/documents/policy/policy_on_data_migration_v1.0.pdf
Document,PDS Policy on Transition from PDS3 to PDS4,https://pds.nasa.gov/data/pds4/documents/policy/policy_on_pds3_to_pds4_transition_v1.0.pdf
Document,PDS Policy on Use of Compression in PDS Archive,https://pds.nasa.gov/data/pds4/documents/policy/policy_on_use_of_compression_v2.0.pdf
Document,PDS Policy on Formats for PDS4 Data and Documentation,https://pds.nasa.gov/datastandards/documents/policy/format_policies_final.pdf
Document,List of Supplemental Formats,https://pds.nasa.gov/datastandards/documents/policy/Supplemental_Formats.pdf
Document,PDS Policy on Data Processing Levels,https://pds.nasa.gov/data/pds4/documents/policy/policy_on_data_processing_levels_v2.0.pdf
Document,PDS Policy on Acceptable Body-Fixed Coordinate Systems,https://pds.nasa.gov/data/pds4/documents/policy/policy_on_acceptable_coordinate_systems_v1.0.pdf
Document,PDS Policy on PDS Involvement in Mission Archiving Activities,https://pds.nasa.gov/data/pds4/documents/policy/policy_on_mission_archiving_activities_v1.0.pdf
Document,PDS Policy on PDS Digital Object Identifier (DOI),https://pds.nasa.gov/data/pds4/documents/policy/policy_on_doi_v1.0.pdf
Test,System Test Plan,https://pds-engineering.jpl.nasa.gov/wp-content/uploads/documents/pds2010/build3bdeliverables/build3bTestPlanEN.pdf
Test,System Test Procedures and Results,https://pds-engineering.jpl.nasa.gov/wp-content/uploads/documents/pds2010/build3bdeliverables/build3bProceduresReportEN.pdf
Test,Node Test Plan,https://pds-engineering.jpl.nasa.gov/wp-content/uploads/documents/pds2010/build3bdeliverables/build3bTestPlanNodes.pdf
Test,Node Test Procedures and Results,https://pds-engineering.jpl.nasa.gov/wp-content/uploads/documents/pds2010/build3bdeliverables/build3bProceduresReportNodes.pdf
Document,Executive Summary,https://pds-engineering.jpl.nasa.gov/wp-content/uploads/documents/pds2010/build3bdeliverables/TestSummary4LADEEMAVEN.pdf
Document,Build 3a RFAs,https://pds-engineering.jpl.nasa.gov/wp-content/uploads/documents/pds2010/build3bdeliverables/RFA-List-Build3a-20130827.pdf